<web-app>
   <context-param>
      <param-name>xxx</param-name>
      <param-value>XXX</param-value>
   </context-param>
   <servlet>
      <servlet-name>
         GunClockEndpoint
      </servlet-name>
      <servlet-class>
         com.sun.xml.rpc.server.http.JAXRPCServlet
      </servlet-class>
      <init-param>
         <param-name>
             configuration.file
         </param-name>
         <param-value>
             /WEB-INF/GunClockService_Config.properties
         </param-value>
      </init-param>
      <load-on-startup>0</load-on-startup>
   </servlet>
   <servlet-mapping> 
      <servlet-name>
          GunClockEndpoint
      </servlet-name>
      <url-pattern>
          /jaxrpc/*
      </url-pattern>
   </servlet-mapping>
</web-app>

